row_label,0:<blank>,1:<blank>,2:<blank>,3:<blank>,4:<blank>,5:<blank>,6:<blank>,7:<blank>,8:<blank>,9:<blank>,10:This,11:sentence,12::,"13:""",14:mo,15:ore,16:had,17:no,18:immediate,19:comment,20:t,21:ues,22:day,23:.,"24:""",25:means,26:in,27:one,28:word,"29::"""
means,0.00000000,0.00000000,0.00000000,0.00000000,0.00000000,0.00000000,0.00000000,0.00000000,0.00000000,0.77678868,0.00600348,0.00926250,0.01538744,0.01603387,0.01259261,0.06225009,0.01464834,0.00998645,0.00947973,0.02248377,0.00574657,0.00971448,0.00499084,0.00740746,0.00994174,0.00728195,0.00000000,0.00000000,0.00000000,0.00000000
in,0.00000000,0.00000000,0.00000000,0.00000000,0.00000000,0.00000000,0.00000000,0.00000000,0.00000000,0.89886539,0.00397695,0.00817580,0.00581758,0.00512150,0.00201477,0.00719476,0.00215585,0.00182381,0.00856406,0.01092968,0.00226538,0.01114668,0.00677884,0.00432120,0.00590099,0.00693763,0.00800915,0.00000000,0.00000000,0.00000000
one,0.00000000,0.00000000,0.00000000,0.00000000,0.00000000,0.00000000,0.00000000,0.00000000,0.00000000,0.91916909,0.00248322,0.01633128,0.01000826,0.00555202,0.00099594,0.00283407,0.00102626,0.00053251,0.00283184,0.00657356,0.00120358,0.00673631,0.00371991,0.00276899,0.00626956,0.00518640,0.00167492,0.00410230,0.00000000,0.00000000
word,0.00000000,0.00000000,0.00000000,0.00000000,0.00000000,0.00000000,0.00000000,0.00000000,0.00000000,0.85329985,0.00464464,0.00580683,0.01018254,0.00674253,0.01055827,0.02906774,0.00500853,0.00459729,0.00513943,0.01818379,0.00333038,0.00417424,0.00294984,0.00494849,0.00559965,0.00572673,0.00316044,0.00202892,0.01484986,0.00000000
":""",0.00000000,0.00000000,0.00000000,0.00000000,0.00000000,0.00000000,0.00000000,0.00000000,0.00000000,0.66449938,0.00657331,0.00272292,0.00594548,0.01532657,0.06564968,0.09312024,0.02007966,0.01273493,0.01539325,0.04246026,0.00407654,0.00792864,0.00691954,0.00911613,0.00859488,0.00485121,0.00251936,0.00098244,0.00152329,0.00898228
mean,0.00000000,0.00000000,0.00000000,0.00000000,0.00000000,0.00000000,0.00000000,0.00000000,0.00000000,0.82252448,0.00473632,0.00845987,0.00946826,0.00975530,0.01836225,0.03889338,0.00858373,0.00593500,0.00828166,0.02012621,0.00332449,0.00794007,0.00507179,0.00571245,0.00726137,0.00599679,0.00307277,0.00142273,0.00327463,0.00179646
