row_label,0:<blank>,1:<blank>,2:<blank>,3:<blank>,4:<blank>,5:<blank>,6:<blank>,7:<blank>,8:<blank>,9:<blank>,10:This,11:sentence,12::,"13:""",14:dru,15:ce,16:will,17:face,18:murder,19:charges,"20:,",21:conte,22:said,23:.,"24:""",25:means,26:in,27:one,28:word,"29::"""
means,0.00000000,0.00000000,0.00000000,0.00000000,0.00000000,0.00000000,0.00000000,0.00000000,0.00000000,0.74008654,0.00603472,0.00798696,0.01360849,0.01510520,0.04220880,0.02893917,0.01941128,0.01298909,0.03249601,0.01815314,0.00662037,0.02726418,0.00635354,0.00716629,0.00791528,0.00766094,0.00000000,0.00000000,0.00000000,0.00000000
in,0.00000000,0.00000000,0.00000000,0.00000000,0.00000000,0.00000000,0.00000000,0.00000000,0.00000000,0.88382869,0.00437348,0.00894342,0.00672436,0.00648757,0.00736236,0.00523226,0.00451424,0.00509851,0.01349250,0.01055679,0.00345487,0.00807407,0.00964227,0.00519245,0.00531383,0.00518180,0.00652655,0.00000000,0.00000000,0.00000000
one,0.00000000,0.00000000,0.00000000,0.00000000,0.00000000,0.00000000,0.00000000,0.00000000,0.00000000,0.91840052,0.00272005,0.01575669,0.01247206,0.00789488,0.00231058,0.00169423,0.00167751,0.00348555,0.00284175,0.00398870,0.00204361,0.00117081,0.00292663,0.00383035,0.00611323,0.00482372,0.00177242,0.00407671,0.00000000,0.00000000
word,0.00000000,0.00000000,0.00000000,0.00000000,0.00000000,0.00000000,0.00000000,0.00000000,0.00000000,0.83537862,0.00532577,0.00700635,0.01080020,0.00735200,0.03243571,0.01196681,0.00741895,0.00585250,0.01290052,0.01133753,0.00396758,0.01065316,0.00395573,0.00430487,0.00565266,0.00646356,0.00293768,0.00180871,0.01248110,0.00000000
":""",0.00000000,0.00000000,0.00000000,0.00000000,0.00000000,0.00000000,0.00000000,0.00000000,0.00000000,0.59552902,0.00417862,0.00243693,0.00534181,0.01325012,0.12314436,0.04926295,0.02824391,0.01757000,0.04501741,0.03060737,0.00783978,0.03482355,0.00844778,0.00743963,0.00629708,0.00655070,0.00202390,0.00102806,0.00181020,0.00915681
mean,0.00000000,0.00000000,0.00000000,0.00000000,0.00000000,0.00000000,0.00000000,0.00000000,0.00000000,0.79464468,0.00452653,0.00842607,0.00978938,0.01001795,0.04149236,0.01941909,0.01225318,0.00899913,0.02134964,0.01492871,0.00478524,0.01639716,0.00626519,0.00558672,0.00625841,0.00613614,0.00265211,0.00138270,0.00285826,0.00183136
