row_label,0:<blank>,1:<blank>,2:<blank>,3:<blank>,4:<blank>,5:<blank>,6:<blank>,7:<blank>,8:<blank>,9:<blank>,10:This,11:sentence,12::,"13:""",14:mo,15:ore,16:had,17:no,18:immediate,19:comment,20:t,21:ues,22:day,23:.,"24:""",25:means,26:in,27:one,28:word,"29::"""
means,0.00000000,0.00000000,0.00000000,0.00000000,0.00000000,0.00000000,0.00000000,0.00000000,0.00000000,0.77678880,0.00600347,0.00926249,0.01538743,0.01603388,0.01259260,0.06224999,0.01464835,0.00998646,0.00947973,0.02248377,0.00574657,0.00971447,0.00499083,0.00740745,0.00994174,0.00728196,0.00000000,0.00000000,0.00000000,0.00000000
in,0.00000000,0.00000000,0.00000000,0.00000000,0.00000000,0.00000000,0.00000000,0.00000000,0.00000000,0.89886539,0.00397695,0.00817579,0.00581758,0.00512150,0.00201477,0.00719475,0.00215585,0.00182381,0.00856405,0.01092969,0.00226538,0.01114667,0.00677885,0.00432121,0.00590100,0.00693763,0.00800915,0.00000000,0.00000000,0.00000000
one,0.00000000,0.00000000,0.00000000,0.00000000,0.00000000,0.00000000,0.00000000,0.00000000,0.00000000,0.91916916,0.00248322,0.01633126,0.01000825,0.00555201,0.00099594,0.00283407,0.00102626,0.00053251,0.00283184,0.00657355,0.00120357,0.00673629,0.00371990,0.00276899,0.00626956,0.00518640,0.00167492,0.00410229,0.00000000,0.00000000
word,0.00000000,0.00000000,0.00000000,0.00000000,0.00000000,0.00000000,0.00000000,0.00000000,0.00000000,0.85329987,0.00464463,0.00580683,0.01018253,0.00674253,0.01055827,0.02906772,0.00500854,0.00459729,0.00513944,0.01818382,0.00333037,0.00417423,0.00294984,0.00494849,0.00559966,0.00572673,0.00316043,0.00202892,0.01484984,0.00000000
":""",0.00000000,0.00000000,0.00000000,0.00000000,0.00000000,0.00000000,0.00000000,0.00000000,0.00000000,0.66449922,0.00657330,0.00272292,0.00594548,0.01532659,0.06564975,0.09312037,0.02007970,0.01273492,0.01539322,0.04246021,0.00407654,0.00792864,0.00691954,0.00911613,0.00859490,0.00485120,0.00251936,0.00098244,0.00152329,0.00898228
mean,0.00000000,0.00000000,0.00000000,0.00000000,0.00000000,0.00000000,0.00000000,0.00000000,0.00000000,0.82252449,0.00473631,0.00845986,0.00946825,0.00975530,0.01836226,0.03889338,0.00858374,0.00593500,0.00828166,0.02012621,0.00332449,0.00794006,0.00507179,0.00571245,0.00726137,0.00599678,0.00307277,0.00142273,0.00327463,0.00179646
