row_label,0:<blank>,1:<blank>,2:<blank>,3:<blank>,4:<blank>,5:<blank>,6:<blank>,7:<blank>,8:<blank>,9:<blank>,10:This,11:sentence,12::,"13:""",14:dru,15:ce,16:will,17:face,18:murder,19:charges,"20:,",21:conte,22:said,23:.,"24:""",25:means,26:in,27:one,28:word,"29::"""
means,0.00000000,0.00000000,0.00000000,0.00000000,0.00000000,0.00000000,0.00000000,0.00000000,0.00000000,0.74008670,0.00603471,0.00798695,0.01360848,0.01510521,0.04220874,0.02893911,0.01941126,0.01298909,0.03249600,0.01815314,0.00662037,0.02726416,0.00635354,0.00716629,0.00791529,0.00766095,0.00000000,0.00000000,0.00000000,0.00000000
in,0.00000000,0.00000000,0.00000000,0.00000000,0.00000000,0.00000000,0.00000000,0.00000000,0.00000000,0.88382876,0.00437348,0.00894341,0.00672436,0.00648757,0.00736235,0.00523224,0.00451423,0.00509850,0.01349247,0.01055677,0.00345487,0.00807406,0.00964228,0.00519245,0.00531383,0.00518182,0.00652655,0.00000000,0.00000000,0.00000000
one,0.00000000,0.00000000,0.00000000,0.00000000,0.00000000,0.00000000,0.00000000,0.00000000,0.00000000,0.91840054,0.00272005,0.01575669,0.01247202,0.00789488,0.00231057,0.00169423,0.00167751,0.00348554,0.00284175,0.00398869,0.00204361,0.00117081,0.00292663,0.00383035,0.00611324,0.00482374,0.00177242,0.00407671,0.00000000,0.00000000
word,0.00000000,0.00000000,0.00000000,0.00000000,0.00000000,0.00000000,0.00000000,0.00000000,0.00000000,0.83537884,0.00532576,0.00700635,0.01080018,0.00735199,0.03243567,0.01196680,0.00741893,0.00585248,0.01290048,0.01133748,0.00396758,0.01065316,0.00395572,0.00430487,0.00565266,0.00646356,0.00293768,0.00180871,0.01248111,0.00000000
":""",0.00000000,0.00000000,0.00000000,0.00000000,0.00000000,0.00000000,0.00000000,0.00000000,0.00000000,0.59552919,0.00417861,0.00243692,0.00534180,0.01325011,0.12314428,0.04926293,0.02824386,0.01757001,0.04501746,0.03060735,0.00783979,0.03482355,0.00844778,0.00743962,0.00629707,0.00655068,0.00202390,0.00102806,0.00181020,0.00915681
mean,0.00000000,0.00000000,0.00000000,0.00000000,0.00000000,0.00000000,0.00000000,0.00000000,0.00000000,0.79464480,0.00452652,0.00842607,0.00978937,0.01001795,0.04149232,0.01941906,0.01225316,0.00899912,0.02134963,0.01492869,0.00478524,0.01639715,0.00626519,0.00558671,0.00625842,0.00613615,0.00265211,0.00138269,0.00285826,0.00183136
