row_label,0:<blank>,1:<blank>,2:<blank>,3:<blank>,4:<blank>,5:<blank>,6:<blank>,7:<blank>,8:This,9:sentence,10::,"11:""",12:the,13:notificati…,14:was,15:first,16:reported,17:fr,18:iday,19:by,20:ms,21:nb,22:c,23:.,"24:""",25:means,26:in,27:one,28:word,"29::"""
means,0.00000000,0.00000000,0.00000000,0.00000000,0.00000000,0.00000000,0.00000000,0.73680977,0.00521485,0.00861083,0.01218716,0.01395557,0.01695280,0.03423572,0.01497493,0.02208777,0.02223526,0.01405450,0.03290216,0.00988522,0.01599003,0.00587446,0.00956182,0.00719793,0.01079066,0.00647853,0.00000000,0.00000000,0.00000000,0.00000000
in,0.00000000,0.00000000,0.00000000,0.00000000,0.00000000,0.00000000,0.00000000,0.84452749,0.00385404,0.00607996,0.00500189,0.00543048,0.00374924,0.01519869,0.00457918,0.00837414,0.01305628,0.00520962,0.02041282,0.01108494,0.01354478,0.00776404,0.00935789,0.00732748,0.00660375,0.00391550,0.00492782,0.00000000,0.00000000,0.00000000
one,0.00000000,0.00000000,0.00000000,0.00000000,0.00000000,0.00000000,0.00000000,0.88773967,0.00239249,0.01421483,0.01047897,0.00696740,0.00177642,0.00565108,0.00156673,0.00200538,0.00906007,0.00347815,0.01277425,0.00666450,0.00416073,0.00275425,0.00464897,0.00523735,0.00791610,0.00505623,0.00149597,0.00396044,0.00000000,0.00000000
word,0.00000000,0.00000000,0.00000000,0.00000000,0.00000000,0.00000000,0.00000000,0.84698205,0.00506766,0.00678261,0.00935326,0.00664226,0.01131938,0.01480837,0.00447067,0.00721559,0.01135231,0.00853138,0.00825499,0.00926896,0.00536370,0.00154559,0.00167686,0.00496960,0.00766494,0.00796050,0.00325271,0.00220891,0.01530768,0.00000000
":""",0.00000000,0.00000000,0.00000000,0.00000000,0.00000000,0.00000000,0.00000000,0.61431475,0.00371061,0.00187422,0.00427554,0.01170091,0.06915005,0.04309115,0.03259091,0.02918940,0.05196513,0.00966021,0.04132424,0.01467747,0.01654710,0.01112801,0.00980183,0.00680058,0.00731294,0.00811490,0.00240357,0.00103095,0.00124294,0.00809257
mean,0.00000000,0.00000000,0.00000000,0.00000000,0.00000000,0.00000000,0.00000000,0.78607475,0.00404793,0.00751249,0.00825936,0.00893932,0.02058958,0.02259700,0.01163649,0.01377446,0.02153381,0.00818677,0.02313369,0.01031622,0.01112127,0.00581327,0.00700948,0.00630659,0.00805768,0.00630513,0.00241601,0.00144006,0.00331012,0.00161851
